Marti,Brunell,2103761416,Marti.Brunell@mail.com,Marti,Brunell,28765246203
Tilly,Pelagias,1306200590,Tilly.Pelagias@mail.com,Tilly,Pelagias,39128838671
Fanny,Simmonds,1749034222,Fanny.Simmonds@mail.com,Fanny,Simmonds,26206678071
Mary,Cavan,2056287007,Mary.Cavan@mail.com,Mary,Cavan,16946233236
Kimberley,Lilybelle,1644772896,Kimberley.Lilybelle@mail.com,Kimberley,Lilybelle,19910856197
Ebonee,Ackerley,1459955813,Ebonee.Ackerley@mail.com,Ebonee,Ackerley,24068395699
Donnie,Cristi,1815289551,Donnie.Cristi@mail.com,Donnie,Cristi,20780218656
Arlina,Ethban,1387989156,Arlina.Ethban@mail.com,Arlina,Ethban,17634720451
Tomasina,Charmine,2111813135,Tomasina.Charmine@mail.com,Tomasina,Charmine,28938763185
Genevra,Munn,1246746549,Genevra.Munn@mail.com,Genevra,Munn,15086351396