Rubie,Mitzi,Rubie,Mitzi,1993-05-09,Rubie.Mitzi@mail.com,1796853502
Aryn,Darbie,Aryn,Darbie,2001-01-30,Aryn.Darbie@mail.com,1743013650
Ricky,Garlinda,Ricky,Garlinda,1996-07-16,Ricky.Garlinda@mail.com,2100490054
Kristan,Orelee,Kristan,Orelee,1993-01-17,Kristan.Orelee@mail.com,1542185787
Jasmina,Tybald,Jasmina,Tybald,2011-05-01,Jasmina.Tybald@mail.com,1911160492
Shannah,Arley,Shannah,Arley,2019-10-10,Shannah.Arley@mail.com,1358872900
Harmonia,Janene,Harmonia,Janene,2015-06-20,Harmonia.Janene@mail.com,1673544265
Kial,Byrne,Kial,Byrne,2009-01-04,Kial.Byrne@mail.com,1614827388
Melisent,Kevon,Melisent,Kevon,2015-12-04,Melisent.Kevon@mail.com,1937238905
Maryellen,Sandye,Maryellen,Sandye,2015-04-01,Maryellen.Sandye@mail.com,1946634719